ITEM_ID,CATEGORY_ID,TITLE,IMAGES,SOLD_PRICE,BROWSE_COUNT,WANT_COUNT,COLLECT_COUNT,QUANTITY,GMT_CREATE,SELLER_ID,URL,ERROR
,,,,,,,,,,,https://www.goofish.com/item?id=840774648500,CONNECT_TIMEOUT
,,,,,,,,,,,https://www.goofish.com/item?id=1013445561048,CONNECT_TIMEOUT
1008105178153,50025435,美肤宝水漾沁透舒悦安心水50ml，全新未拆封，正品带塑封，保,"[""https://h5.m.goofish.com/wow/moyu/moyu-project/idle-photo-search/pages/home?kun=true&wh_ttid=native&opaque=false&extra=%7B%22imageInfo%22%3A%7B%22bizCode%22%3A%22idledetail%22%2C%22reqFromPage%22%3A%22idle_detail%22%2C%22source%22%3A%22itempic%22%2C%22url%22%3A%22http%3A%2F%2Fimg.alicdn.com%2Fbao%2Fuploaded%2Fi4%2F2214191048841%2FO1CN01B2tQum2FBEjTphQ6Y_%21%214611686018427381897-53-xy_item.heic_640x640q90.jpg%22%7D%7D"", ""https://h5.m.goofish.com/wow/moyu/moyu-project/idle-photo-search/pages/home?kun=true&wh_ttid=native&opaque=false&extra=%7B%22imageInfo%22%3A%7B%22bizCode%22%3A%22idledetail%22%2C%22reqFromPage%22%3A%22idle_detail%22%2C%22source%22%3A%22itempic%22%2C%22url%22%3A%22http%3A%2F%2Fimg.alicdn.com%2Fbao%2Fuploaded%2Fi1%2F2214191048841%2FO1CN01pq79R32FBEjTwb1mI_%21%214611686018427381897-53-xy_item.heic_640x640q90.jpg%22%7D%7D"", ""https://h5.m.goofish.com/wow/moyu/moyu-project/idle-photo-search/pages/home?kun=true&wh_ttid=native&opaque=false&extra=%7B%22imageInfo%22%3A%7B%22bizCode%22%3A%22idledetail%22%2C%22reqFromPage%22%3A%22idle_detail%22%2C%22source%22%3A%22itempic%22%2C%22url%22%3A%22http%3A%2F%2Fimg.alicdn.com%2Fbao%2Fuploaded%2Fi4%2F2214191048841%2FO1CN01wSH06i2FBEjOPKVfj_%21%214611686018427381897-53-xy_item.heic_640x640q90.jpg%22%7D%7D""]",9.90,32,0,0,20,1767253477000,2214191048841,https://www.goofish.com/item?id=1008105178153,
856027427526,50025395,switch 健身环大冒险外版➕外版随机发 港版或日版或美版,"[""https://h5.m.goofish.com/wow/moyu/moyu-project/idle-photo-search/pages/home?kun=true&wh_ttid=native&opaque=false&extra=%7B%22imageInfo%22%3A%7B%22bizCode%22%3A%22idledetail%22%2C%22reqFromPage%22%3A%22idle_detail%22%2C%22source%22%3A%22itempic%22%2C%22url%22%3A%22http%3A%2F%2Fimg.alicdn.com%2Fbao%2Fuploaded%2Fi3%2FO1CN01dSvCkv1mC2TvG1nw1_%21%214611686018427382901-0-fleamarket.jpg_640x640q90.jpg%22%7D%7D"", ""https://h5.m.goofish.com/wow/moyu/moyu-project/idle-photo-search/pages/home?kun=true&wh_ttid=native&opaque=false&extra=%7B%22imageInfo%22%3A%7B%22bizCode%22%3A%22idledetail%22%2C%22reqFromPage%22%3A%22idle_detail%22%2C%22source%22%3A%22itempic%22%2C%22url%22%3A%22http%3A%2F%2Fimg.alicdn.com%2Fbao%2Fuploaded%2Fi1%2FO1CN011A4HHX1mC2TubuKrf_%21%214611686018427382901-0-fleamarket.jpg_640x640q90.jpg%22%7D%7D"", ""https://h5.m.goofish.com/wow/moyu/moyu-project/idle-photo-search/pages/home?kun=true&wh_ttid=native&opaque=false&extra=%7B%22imageInfo%22%3A%7B%22bizCode%22%3A%22idledetail%22%2C%22reqFromPage%22%3A%22idle_detail%22%2C%22source%22%3A%22itempic%22%2C%22url%22%3A%22http%3A%2F%2Fimg.alicdn.com%2Fbao%2Fuploaded%2Fi2%2FO1CN01ki5GV71mC2Tubw9AZ_%21%214611686018427382901-0-fleamarket.jpg_640x640q90.jpg%22%7D%7D"", ""https://h5.m.goofish.com/wow/moyu/moyu-project/idle-photo-search/pages/home?kun=true&wh_ttid=native&opaque=false&extra=%7B%22imageInfo%22%3A%7B%22bizCode%22%3A%22idledetail%22%2C%22reqFromPage%22%3A%22idle_detail%22%2C%22source%22%3A%22itempic%22%2C%22url%22%3A%22http%3A%2F%2Fimg.alicdn.com%2Fbao%2Fuploaded%2Fi2%2FO1CN01DMBgZQ1mC2TvG2LDf_%21%214611686018427382901-0-fleamarket.jpg_640x640q90.jpg%22%7D%7D"", ""https://h5.m.goofish.com/wow/moyu/moyu-project/idle-photo-search/pages/home?kun=true&wh_ttid=native&opaque=false&extra=%7B%22imageInfo%22%3A%7B%22bizCode%22%3A%22idledetail%22%2C%22reqFromPage%22%3A%22idle_detail%22%2C%22source%22%3A%22itempic%22%2C%22url%22%3A%22http%3A%2F%2Fimg.alicdn.com%2Fbao%2Fuploaded%2Fi3%2FO1CN017Q1nwa1mC2TtYFcSk_%21%214611686018427382901-0-fleamarket.jpg_640x640q90.jpg%22%7D%7D"", ""https://h5.m.goofish.com/wow/moyu/moyu-project/idle-photo-search/pages/home?kun=true&wh_ttid=native&opaque=false&extra=%7B%22imageInfo%22%3A%7B%22bizCode%22%3A%22idledetail%22%2C%22reqFromPage%22%3A%22idle_detail%22%2C%22source%22%3A%22itempic%22%2C%22url%22%3A%22http%3A%2F%2Fimg.alicdn.com%2Fbao%2Fuploaded%2Fi2%2FO1CN01qZti3R1mC2Tu7eEoY_%21%214611686018427382901-0-fleamarket.jpg_640x640q90.jpg%22%7D%7D""]",255,23139,1305,275,90,1732340418000,2216424524917,https://www.goofish.com/item?id=856027427526,
,,,,,,,,,,,https://www.goofish.com/item?id=981163174700,FAIL_SYS_TOKEN_EMPTY::令牌为空
989284050097,50023914,150升蒸炼机，全不锈钢材质，带蒸汽压力显示，功能完好无维修,"[""https://h5.m.goofish.com/wow/moyu/moyu-project/idle-photo-search/pages/home?kun=true&wh_ttid=native&opaque=false&extra=%7B%22imageInfo%22%3A%7B%22bizCode%22%3A%22idledetail%22%2C%22reqFromPage%22%3A%22idle_detail%22%2C%22source%22%3A%22itempic%22%2C%22url%22%3A%22http%3A%2F%2Fimg.alicdn.com%2Fbao%2Fuploaded%2Fi3%2FO1CN01m2n1Jc2IicQuVPqw7_%21%214611686018427380856-0-fleamarket.jpg_640x640q90.jpg%22%7D%7D"", ""https://h5.m.goofish.com/wow/moyu/moyu-project/idle-photo-search/pages/home?kun=true&wh_ttid=native&opaque=false&extra=%7B%22imageInfo%22%3A%7B%22bizCode%22%3A%22idledetail%22%2C%22reqFromPage%22%3A%22idle_detail%22%2C%22source%22%3A%22itempic%22%2C%22url%22%3A%22http%3A%2F%2Fimg.alicdn.com%2Fbao%2Fuploaded%2Fi1%2FO1CN014sDMy12IicQvHr8RH_%21%214611686018427380856-0-fleamarket.jpg_640x640q90.jpg%22%7D%7D"", ""https://h5.m.goofish.com/wow/moyu/moyu-project/idle-photo-search/pages/home?kun=true&wh_ttid=native&opaque=false&extra=%7B%22imageInfo%22%3A%7B%22bizCode%22%3A%22idledetail%22%2C%22reqFromPage%22%3A%22idle_detail%22%2C%22source%22%3A%22itempic%22%2C%22url%22%3A%22http%3A%2F%2Fimg.alicdn.com%2Fbao%2Fuploaded%2Fi4%2FO1CN01ZJCh0x2IicQw9fCXY_%21%214611686018427380856-0-fleamarket.jpg_640x640q90.jpg%22%7D%7D"", ""https://h5.m.goofish.com/wow/moyu/moyu-project/idle-photo-search/pages/home?kun=true&wh_ttid=native&opaque=false&extra=%7B%22imageInfo%22%3A%7B%22bizCode%22%3A%22idledetail%22%2C%22reqFromPage%22%3A%22idle_detail%22%2C%22source%22%3A%22itempic%22%2C%22url%22%3A%22http%3A%2F%2Fimg.alicdn.com%2Fbao%2Fuploaded%2Fi1%2FO1CN013iPvlL2IicQviz82K_%21%214611686018427380856-0-fleamarket.jpg_640x640q90.jpg%22%7D%7D"", ""https://h5.m.goofish.com/wow/moyu/moyu-project/idle-photo-search/pages/home?kun=true&wh_ttid=native&opaque=false&extra=%7B%22imageInfo%22%3A%7B%22bizCode%22%3A%22idledetail%22%2C%22reqFromPage%22%3A%22idle_detail%22%2C%22source%22%3A%22itempic%22%2C%22url%22%3A%22http%3A%2F%2Fimg.alicdn.com%2Fbao%2Fuploaded%2Fi2%2FO1CN018YikQS2IicQvDIDg1_%21%214611686018427380856-0-fleamarket.jpg_640x640q90.jpg%22%7D%7D"", ""https://h5.m.goofish.com/wow/moyu/moyu-project/idle-photo-search/pages/home?kun=true&wh_ttid=native&opaque=false&extra=%7B%22imageInfo%22%3A%7B%22bizCode%22%3A%22idledetail%22%2C%22reqFromPage%22%3A%22idle_detail%22%2C%22source%22%3A%22itempic%22%2C%22url%22%3A%22http%3A%2F%2Fimg.alicdn.com%2Fbao%2Fuploaded%2Fi1%2FO1CN01NJ5Ecs2IicQu7emVq_%21%214611686018427380856-0-fleamarket.jpg_640x640q90.jpg%22%7D%7D"", ""https://h5.m.goofish.com/wow/moyu/moyu-project/idle-photo-search/pages/home?kun=true&wh_ttid=native&opaque=false&extra=%7B%22imageInfo%22%3A%7B%22bizCode%22%3A%22idledetail%22%2C%22reqFromPage%22%3A%22idle_detail%22%2C%22source%22%3A%22itempic%22%2C%22url%22%3A%22http%3A%2F%2Fimg.alicdn.com%2Fbao%2Fuploaded%2Fi4%2FO1CN01jR93gn2IicQvLBB0T_%21%214611686018427380856-0-fleamarket.jpg_640x640q90.jpg%22%7D%7D"", ""https://h5.m.goofish.com/wow/moyu/moyu-project/idle-photo-search/pages/home?kun=true&wh_ttid=native&opaque=false&extra=%7B%22imageInfo%22%3A%7B%22bizCode%22%3A%22idledetail%22%2C%22reqFromPage%22%3A%22idle_detail%22%2C%22source%22%3A%22itempic%22%2C%22url%22%3A%22http%3A%2F%2Fimg.alicdn.com%2Fbao%2Fuploaded%2Fi4%2FO1CN01R2WiNa2IicQwBsNUD_%21%214611686018427380856-0-fleamarket.jpg_640x640q90.jpg%22%7D%7D"", ""https://h5.m.goofish.com/wow/moyu/moyu-project/idle-photo-search/pages/home?kun=true&wh_ttid=native&opaque=false&extra=%7B%22imageInfo%22%3A%7B%22bizCode%22%3A%22idledetail%22%2C%22reqFromPage%22%3A%22idle_detail%22%2C%22source%22%3A%22itempic%22%2C%22url%22%3A%22http%3A%2F%2Fimg.alicdn.com%2Fbao%2Fuploaded%2Fi1%2FO1CN01LUchP62IicQu7fFbs_%21%214611686018427380856-0-fleamarket.jpg_640x640q90.jpg%22%7D%7D""]",23000,33,0,0,1,1761632964000,2215128499320,https://www.goofish.com/item?id=989284050097,
1002485047991,50025413,几套全部KTV效丶果器x5丶雅马哈功放机丶!BBS麦克风丶一,[],3888,46,0,1,1,1765869135000,2212896611097,https://www.goofish.com/item?id=1002485047991,
,,,,,,,,,,,https://www.goofish.com/item?id=1013071198630,FAIL_SYS_TOKEN_EMPTY::令牌为空
,,,,,,,,,,,https://www.goofish.com/item?id=1014811584144,FAIL_SYS_TOKEN_EMPTY::令牌为空
,,,,,,,,,,,https://www.goofish.com/item?id=1006375261876,FAIL_SYS_TOKEN_EMPTY::令牌为空
